{"cameraMode":{"drawMode":0,"name":"Shaded","section":"Shading Mode"},"sceneLighting":false,"audioPlay":false,"sceneViewState":{"showFog":true,"showMaterialUpdate":false,"showSkybox":false,"showFlares":true,"showImageEffects":true,"showParticleSystems":true},"in2DMode":false,"pivot":{"x":576.8355712890625,"y":264.93646240234377,"z":-0.736572265625},"rotation":{"x":0.13638107478618623,"y":-0.010100727900862694,"z":0.0013708103215321899,"w":0.990615725517273},"size":22.0,"orthographic":false}