{"cameraMode":{"drawMode":0,"name":"Shaded","section":"Shading Mode"},"sceneLighting":false,"audioPlay":false,"sceneViewState":{"showFog":true,"showMaterialUpdate":false,"showSkybox":false,"showFlares":true,"showImageEffects":true,"showParticleSystems":true},"in2DMode":false,"pivot":{"x":1.4999966621398926,"y":0.3149999678134918,"z":30.000003814697267},"rotation":{"x":-0.25111067295074465,"y":0.0031834363471716644,"z":-0.0008054236532188952,"w":-0.9680192470550537},"size":99.12916564941406,"orthographic":false}