{"cameraMode":{"drawMode":0,"name":"Shaded","section":"Shading Mode"},"sceneLighting":true,"audioPlay":false,"sceneViewState":{"showFog":true,"showMaterialUpdate":false,"showSkybox":false,"showFlares":true,"showImageEffects":true,"showParticleSystems":true},"in2DMode":false,"pivot":{"x":1.864715814590454,"y":3.3994855880737306,"z":-1.3673324584960938},"rotation":{"x":0.28435245156288149,"y":0.004909657407552004,"z":-0.0014678899897262455,"w":0.9587910771369934},"size":17.271133422851564,"orthographic":false}