{"cameraMode":{"drawMode":0,"name":"Shaded","section":"Shading Mode"},"sceneLighting":true,"audioPlay":false,"sceneViewState":{"showFog":true,"showMaterialUpdate":false,"showSkybox":false,"showFlares":true,"showImageEffects":true,"showParticleSystems":true},"in2DMode":false,"pivot":{"x":0.2838612198829651,"y":2.421441078186035,"z":-0.01300048828125},"rotation":{"x":0.28435245156288149,"y":0.004909657407552004,"z":-0.0014678899897262455,"w":0.9587910771369934},"size":8.301467895507813,"orthographic":false}