{"cameraMode":{"drawMode":0,"name":"Shaded","section":"Shading Mode"},"sceneLighting":true,"audioPlay":false,"sceneViewState":{"showFog":true,"showMaterialUpdate":false,"showSkybox":false,"showFlares":true,"showImageEffects":true,"showParticleSystems":true},"in2DMode":false,"pivot":{"x":1.5303611755371094,"y":3.3994860649108888,"z":0.08300019800662995},"rotation":{"x":0.28435245156288149,"y":0.004909657407552004,"z":-0.0014678899897262455,"w":0.9587910771369934},"size":12.827735900878907,"orthographic":false}